<?xml version="1.0" encoding="utf-8"?>
<templates>
  <template type="admin" title="tgcn_clone" version_id="1000010" version_string="1.0.0 Alpha"><![CDATA[<xf:title>{{ phrase('tgcn_clone_node') }}: {$node.title}</xf:title>

<xf:form class="block" action="{{ link('nodes/clone', $node) }}">
	<div class="block-container">
		<div class="block-body">
			<xf:textboxrow name="title" value="{$node.title}" 
						   label="{{ phrase('tgcn_node_new_title') }}"
						   maxlength="{{ max_length($node, 'title') }}" />
			
			<xf:checkboxrow label="{{ phrase('options') }}">
				<xf:option name="child_clone">{{ phrase('tgcn_clone_child_node') }}</xf:option>
			</xf:checkboxrow>
			
			<xf:submitrow sticky="true" icon="copy" />
		</div>
	</div>
</xf:form>]]></template>
</templates>
